id,feature_version,model,polarity_id,polarity,intensity,prob_negative,prob_neutral,prob_positive,dominant_proxy_modality,proxy_weight_text,proxy_weight_vision,proxy_weight_audio,valid_token_length,raw_text,video_path,video_duration_s,video_frame_count,time_mapping,text_windows_json,text_observed_content_slots,text_slot_start,text_slot_end_inclusive,text_approx_start_s,text_approx_end_s,text_approx_frame_start,text_approx_frame_end_inclusive,text_approx_key_frame,text_text_excerpt,text_probability_drop,text_regression_signed_change,text_impact_score,vision_windows_json,vision_observed_content_slots,vision_slot_start,vision_slot_end_inclusive,vision_approx_start_s,vision_approx_end_s,vision_approx_frame_start,vision_approx_frame_end_inclusive,vision_approx_key_frame,vision_evidence_type,vision_probability_drop,vision_regression_signed_change,vision_impact_score,audio_windows_json,audio_observed_content_slots,audio_slot_start,audio_slot_end_inclusive,audio_approx_start_s,audio_approx_end_s,audio_approx_frame_start,audio_approx_frame_end_inclusive,audio_approx_key_frame,audio_evidence_type,audio_probability_drop,audio_regression_signed_change,audio_impact_score,top3_combined_prob_drop,random3_combined_prob_drop_mean,top3_combined_abs_reg_change,random3_combined_abs_reg_change_mean,ablated_text_prob_drop,perturbation_contribution_text,ablated_vision_prob_drop,perturbation_contribution_vision,ablated_audio_prob_drop,perturbation_contribution_audio,dominant_perturbation_modality,main_reference_modality,main_reference_basis
01,aligned_50,"P-RMF-E, three-seed Q2 ensemble",1,Neutral,0.180216,0.052888,0.516817,0.430295,Audio,0.329434,0.333393,0.337173,24,Replacing these wear components when replacing the timing belt is essential to ensuring the new belt performs to its mileage requirements,D:\work\math\huaweicup\第二十三届中国研究生数学建模竞赛 - 中文题目\中文题目\E题\E题数据\附件4-可解释专项视频样本与特征文件\附件4-可解释专项视频样本与特征文件\对齐版本\videos\01.mp4,9.0,270,uniform-slot approximation; not source timestamps,"[{""slot_start"": 1, ""slot_end_inclusive"": 4, ""probability_drop"": 0.034121, ""regression_signed_change"": -0.015381, ""importance"": 0.034633}, {""slot_start"": 5, ""slot_end_inclusive"": 8, ""probability_drop"": 0.030801, ""regression_signed_change"": -0.009562, ""importance"": 0.031119}, {""slot_start"": 9, ""slot_end_inclusive"": 12, ""probability_drop"": 0.00846, ""regression_signed_change"": 0.005859, ""importance"": 0.008656}, {""slot_start"": 13, ""slot_end_inclusive"": 16, ""probability_drop"": -0.001719, ""regression_signed_change"": 0.01359, ""importance"": 0.000453}, {""slot_start"": 17, ""slot_end_inclusive"": 20, ""probability_drop"": -0.01596, ""regression_signed_change"": 0.017965, ""importance"": 0.000599}, {""slot_start"": 21, ""slot_end_inclusive"": 22, ""probability_drop"": 0.007662, ""regression_signed_change"": -0.001851, ""importance"": 0.007724}]",22,1,4,0.0,1.636,,,,Replacing these wear components,0.034121,-0.015381,0.034633,"[{""slot_start"": 1, ""slot_end_inclusive"": 4, ""probability_drop"": 0.012701, ""regression_signed_change"": -0.003886, ""importance"": 0.01283}, {""slot_start"": 5, ""slot_end_inclusive"": 8, ""probability_drop"": 0.005119, ""regression_signed_change"": 2e-05, ""importance"": 0.005119}, {""slot_start"": 9, ""slot_end_inclusive"": 12, ""probability_drop"": 0.007937, ""regression_signed_change"": -0.003092, ""importance"": 0.00804}, {""slot_start"": 13, ""slot_end_inclusive"": 16, ""probability_drop"": 0.005356, ""regression_signed_change"": -0.000854, ""importance"": 0.005384}, {""slot_start"": 17, ""slot_end_inclusive"": 20, ""probability_drop"": -0.00605, ""regression_signed_change"": 0.007975, ""importance"": 0.000266}, {""slot_start"": 21, ""slot_end_inclusive"": 22, ""probability_drop"": -0.002792, ""regression_signed_change"": 0.003845, ""importance"": 0.000128}]",22,1,4,0.0,1.636,0,49,24,feature-window perturbation,0.012701,-0.003886,0.01283,"[{""slot_start"": 1, ""slot_end_inclusive"": 4, ""probability_drop"": -0.009106, ""regression_signed_change"": 0.003418, ""importance"": 0.000114}, {""slot_start"": 5, ""slot_end_inclusive"": 8, ""probability_drop"": -0.009951, ""regression_signed_change"": 0.00533, ""importance"": 0.000178}, {""slot_start"": 9, ""slot_end_inclusive"": 12, ""probability_drop"": -0.009027, ""regression_signed_change"": 0.004618, ""importance"": 0.000154}, {""slot_start"": 13, ""slot_end_inclusive"": 16, ""probability_drop"": -0.003321, ""regression_signed_change"": 0.001322, ""importance"": 4.4e-05}, {""slot_start"": 17, ""slot_end_inclusive"": 20, ""probability_drop"": -0.003753, ""regression_signed_change"": 0.003499, ""importance"": 0.000117}, {""slot_start"": 21, ""slot_end_inclusive"": 22, ""probability_drop"": -0.002452, ""regression_signed_change"": 0.002991, ""importance"": 0.0001}]",22,5,8,1.636,3.273,,,,feature-window perturbation,-0.009951,0.00533,0.000178,0.036802,0.024708,0.013936,0.007528,0.075605,0.800416,0.018852,0.199584,-0.0839,0.0,Text,Text,positive whole-modality probability drop
02,aligned_50,"P-RMF-E, three-seed Q2 ensemble",2,Positive,0.229879,0.191306,0.258386,0.550308,Audio,0.330613,0.333035,0.336351,21,We want to live by each other’s happiness - not by each other’s misery.,D:\work\math\huaweicup\第二十三届中国研究生数学建模竞赛 - 中文题目\中文题目\E题\E题数据\附件4-可解释专项视频样本与特征文件\附件4-可解释专项视频样本与特征文件\对齐版本\videos\02.mp4,3.7,108,uniform-slot approximation; not source timestamps,"[{""slot_start"": 1, ""slot_end_inclusive"": 4, ""probability_drop"": 0.025118, ""regression_signed_change"": 0.028564, ""importance"": 0.02607}, {""slot_start"": 5, ""slot_end_inclusive"": 8, ""probability_drop"": 0.062825, ""regression_signed_change"": 0.05836, ""importance"": 0.06477}, {""slot_start"": 9, ""slot_end_inclusive"": 12, ""probability_drop"": 0.063659, ""regression_signed_change"": 0.056224, ""importance"": 0.065533}, {""slot_start"": 13, ""slot_end_inclusive"": 16, ""probability_drop"": 0.013869, ""regression_signed_change"": 0.018575, ""importance"": 0.014488}, {""slot_start"": 17, ""slot_end_inclusive"": 19, ""probability_drop"": -0.045125, ""regression_signed_change"": -0.045044, ""importance"": 0.001501}]",19,9,12,1.558,2.337,,,,s happiness - not,0.063659,0.056224,0.065533,"[{""slot_start"": 1, ""slot_end_inclusive"": 4, ""probability_drop"": -0.018011, ""regression_signed_change"": -0.016907, ""importance"": 0.000564}, {""slot_start"": 5, ""slot_end_inclusive"": 8, ""probability_drop"": -0.017951, ""regression_signed_change"": -0.017131, ""importance"": 0.000571}, {""slot_start"": 9, ""slot_end_inclusive"": 12, ""probability_drop"": -0.019709, ""regression_signed_change"": -0.019185, ""importance"": 0.00064}, {""slot_start"": 13, ""slot_end_inclusive"": 16, ""probability_drop"": -0.020412, ""regression_signed_change"": -0.019999, ""importance"": 0.000667}, {""slot_start"": 17, ""slot_end_inclusive"": 19, ""probability_drop"": -0.01708, ""regression_signed_change"": -0.01534, ""importance"": 0.000511}]",19,13,16,2.337,3.116,68,90,79,feature-window perturbation,-0.020412,-0.019999,0.000667,"[{""slot_start"": 1, ""slot_end_inclusive"": 4, ""probability_drop"": 0.003338, ""regression_signed_change"": 0.00118, ""importance"": 0.003377}, {""slot_start"": 5, ""slot_end_inclusive"": 8, ""probability_drop"": 0.006321, ""regression_signed_change"": 0.003825, ""importance"": 0.006448}, {""slot_start"": 9, ""slot_end_inclusive"": 12, ""probability_drop"": 0.004734, ""regression_signed_change"": 0.003967, ""importance"": 0.004867}, {""slot_start"": 13, ""slot_end_inclusive"": 16, ""probability_drop"": 0.002889, ""regression_signed_change"": -0.000854, ""importance"": 0.002917}, {""slot_start"": 17, ""slot_end_inclusive"": 19, ""probability_drop"": 0.001287, ""regression_signed_change"": 0.001343, ""importance"": 0.001332}]",19,5,8,0.779,1.558,,,,feature-window perturbation,0.006321,0.003825,0.006448,0.04816,0.022075,0.044861,0.026374,0.133972,0.773722,-0.086802,0.0,0.03918,0.226278,Text,Text,positive whole-modality probability drop
03,aligned_50,"P-RMF-E, three-seed Q2 ensemble",0,Negative,-0.188334,0.518997,0.380984,0.100019,Audio,0.329788,0.333252,0.33696,35,"There's one lender at the moment which I think is just Bankwest who don't take rental income into account, they take rental yield into account.",D:\work\math\huaweicup\第二十三届中国研究生数学建模竞赛 - 中文题目\中文题目\E题\E题数据\附件4-可解释专项视频样本与特征文件\附件4-可解释专项视频样本与特征文件\对齐版本\videos\03.mp4,16.0,480,uniform-slot approximation; not source timestamps,"[{""slot_start"": 1, ""slot_end_inclusive"": 4, ""probability_drop"": 0.014578, ""regression_signed_change"": -0.044759, ""importance"": 0.01607}, {""slot_start"": 5, ""slot_end_inclusive"": 8, ""probability_drop"": -0.053012, ""regression_signed_change"": 0.043966, ""importance"": 0.001466}, {""slot_start"": 9, ""slot_end_inclusive"": 12, ""probability_drop"": 0.010169, ""regression_signed_change"": -0.022095, ""importance"": 0.010905}, {""slot_start"": 13, ""slot_end_inclusive"": 16, ""probability_drop"": -0.018477, ""regression_signed_change"": 0.001302, ""importance"": 4.3e-05}, {""slot_start"": 17, ""slot_end_inclusive"": 20, ""probability_drop"": -0.004265, ""regression_signed_change"": -0.016215, ""importance"": 0.000541}, {""slot_start"": 21, ""slot_end_inclusive"": 24, ""probability_drop"": 0.018894, ""regression_signed_change"": -0.041585, ""importance"": 0.020281}, {""slot_start"": 25, ""slot_end_inclusive"": 28, ""probability_drop"": 0.01252, ""regression_signed_change"": -0.033346, ""importance"": 0.013632}, {""slot_start"": 29, ""slot_end_inclusive"": 32, ""probability_drop"": 0.004214, ""regression_signed_change"": -0.025675, ""importance"": 0.005069}, {""slot_start"": 33, ""slot_end_inclusive"": 33, ""probability_drop"": -0.007546, ""regression_signed_change"": 0.007751, ""importance"": 0.000258}]",33,21,24,9.697,11.636,,,,take rental income into,0.018894,-0.041585,0.020281,"[{""slot_start"": 1, ""slot_end_inclusive"": 4, ""probability_drop"": -0.003465, ""regression_signed_change"": -0.002726, ""importance"": 9.1e-05}, {""slot_start"": 5, ""slot_end_inclusive"": 8, ""probability_drop"": -0.000755, ""regression_signed_change"": -0.006144, ""importance"": 0.000205}, {""slot_start"": 9, ""slot_end_inclusive"": 12, ""probability_drop"": 0.00311, ""regression_signed_change"": -0.00946, ""importance"": 0.003426}, {""slot_start"": 13, ""slot_end_inclusive"": 16, ""probability_drop"": 0.009751, ""regression_signed_change"": -0.010559, ""importance"": 0.010103}, {""slot_start"": 17, ""slot_end_inclusive"": 20, ""probability_drop"": 0.013577, ""regression_signed_change"": -0.010356, ""importance"": 0.013922}, {""slot_start"": 21, ""slot_end_inclusive"": 24, ""probability_drop"": 0.004378, ""regression_signed_change"": -0.006022, ""importance"": 0.004579}, {""slot_start"": 25, ""slot_end_inclusive"": 28, ""probability_drop"": 0.003389, ""regression_signed_change"": -0.006368, ""importance"": 0.003602}, {""slot_start"": 29, ""slot_end_inclusive"": 32, ""probability_drop"": -0.002331, ""regression_signed_change"": -0.004211, ""importance"": 0.00014}, {""slot_start"": 33, ""slot_end_inclusive"": 33, ""probability_drop"": -0.000751, ""regression_signed_change"": -0.000712, ""importance"": 2.4e-05}]",33,17,20,7.758,9.697,232,290,261,feature-window perturbation,0.013577,-0.010356,0.013922,"[{""slot_start"": 1, ""slot_end_inclusive"": 4, ""probability_drop"": 0.008813, ""regression_signed_change"": -0.008993, ""importance"": 0.009113}, {""slot_start"": 5, ""slot_end_inclusive"": 8, ""probability_drop"": 0.00647, ""regression_signed_change"": -0.005575, ""importance"": 0.006656}, {""slot_start"": 9, ""slot_end_inclusive"": 12, ""probability_drop"": 0.0105, ""regression_signed_change"": -0.009013, ""importance"": 0.0108}, {""slot_start"": 13, ""slot_end_inclusive"": 16, ""probability_drop"": 0.000904, ""regression_signed_change"": -0.004679, ""importance"": 0.00106}, {""slot_start"": 17, ""slot_end_inclusive"": 20, ""probability_drop"": 0.001516, ""regression_signed_change"": -0.003011, ""importance"": 0.001617}, {""slot_start"": 21, ""slot_end_inclusive"": 24, ""probability_drop"": 0.002149, ""regression_signed_change"": -0.002096, ""importance"": 0.002219}, {""slot_start"": 25, ""slot_end_inclusive"": 28, ""probability_drop"": 0.004664, ""regression_signed_change"": -0.009521, ""importance"": 0.004982}, {""slot_start"": 29, ""slot_end_inclusive"": 32, ""probability_drop"": 0.001705, ""regression_signed_change"": -0.002991, ""importance"": 0.001805}, {""slot_start"": 33, ""slot_end_inclusive"": 33, ""probability_drop"": 0.000876, ""regression_signed_change"": -0.001017, ""importance"": 0.00091}]",33,9,12,3.879,5.818,,,,feature-window perturbation,0.0105,-0.009013,0.0108,0.04277,0.005754,0.058787,0.02518,0.061632,0.326038,0.016812,0.088938,0.11059,0.585024,Audio,Audio,positive whole-modality probability drop
04,aligned_50,"P-RMF-E, three-seed Q2 ensemble",0,Negative,-0.12203,0.548237,0.150399,0.301364,Audio,0.331101,0.332681,0.336218,28,"If I blow it at the team exercise, should I kiss my chances of cheering ""GO BLUE"" goodbye?] Absolutely not.",D:\work\math\huaweicup\第二十三届中国研究生数学建模竞赛 - 中文题目\中文题目\E题\E题数据\附件4-可解释专项视频样本与特征文件\附件4-可解释专项视频样本与特征文件\对齐版本\videos\04.mp4,9.3,277,uniform-slot approximation; not source timestamps,"[{""slot_start"": 1, ""slot_end_inclusive"": 4, ""probability_drop"": 0.045176, ""regression_signed_change"": -0.080121, ""importance"": 0.047847}, {""slot_start"": 5, ""slot_end_inclusive"": 8, ""probability_drop"": -0.022934, ""regression_signed_change"": 0.028259, ""importance"": 0.000942}, {""slot_start"": 9, ""slot_end_inclusive"": 12, ""probability_drop"": 0.055325, ""regression_signed_change"": -0.093018, ""importance"": 0.058426}, {""slot_start"": 13, ""slot_end_inclusive"": 16, ""probability_drop"": 0.007228, ""regression_signed_change"": -0.008046, ""importance"": 0.007496}, {""slot_start"": 17, ""slot_end_inclusive"": 20, ""probability_drop"": -0.046336, ""regression_signed_change"": 0.0784, ""importance"": 0.002613}, {""slot_start"": 21, ""slot_end_inclusive"": 24, ""probability_drop"": 0.061708, ""regression_signed_change"": -0.08785, ""importance"": 0.064637}, {""slot_start"": 25, ""slot_end_inclusive"": 26, ""probability_drop"": 0.057061, ""regression_signed_change"": -0.085635, ""importance"": 0.059916}]",26,21,24,7.154,8.585,,,,goodbye?] Absolutely,0.061708,-0.08785,0.064637,"[{""slot_start"": 1, ""slot_end_inclusive"": 4, ""probability_drop"": 0.0047, ""regression_signed_change"": -0.004939, ""importance"": 0.004864}, {""slot_start"": 5, ""slot_end_inclusive"": 8, ""probability_drop"": -0.00546, ""regression_signed_change"": -0.001129, ""importance"": 3.8e-05}, {""slot_start"": 9, ""slot_end_inclusive"": 12, ""probability_drop"": 0.001279, ""regression_signed_change"": -0.006577, ""importance"": 0.001499}, {""slot_start"": 13, ""slot_end_inclusive"": 16, ""probability_drop"": 0.00257, ""regression_signed_change"": -0.010376, ""importance"": 0.002916}, {""slot_start"": 17, ""slot_end_inclusive"": 20, ""probability_drop"": 0.004713, ""regression_signed_change"": -0.000717, ""importance"": 0.004737}, {""slot_start"": 21, ""slot_end_inclusive"": 24, ""probability_drop"": 0.000845, ""regression_signed_change"": 0.001678, ""importance"": 0.000901}, {""slot_start"": 25, ""slot_end_inclusive"": 26, ""probability_drop"": 0.00215, ""regression_signed_change"": 0.000285, ""importance"": 0.002159}]",26,1,4,0.0,1.431,0,42,21,feature-window perturbation,0.0047,-0.004939,0.004864,"[{""slot_start"": 1, ""slot_end_inclusive"": 4, ""probability_drop"": 0.00472, ""regression_signed_change"": -0.007294, ""importance"": 0.004963}, {""slot_start"": 5, ""slot_end_inclusive"": 8, ""probability_drop"": 0.002021, ""regression_signed_change"": -0.005351, ""importance"": 0.002199}, {""slot_start"": 9, ""slot_end_inclusive"": 12, ""probability_drop"": 0.006788, ""regression_signed_change"": -0.011312, ""importance"": 0.007165}, {""slot_start"": 13, ""slot_end_inclusive"": 16, ""probability_drop"": -0.000195, ""regression_signed_change"": -0.005798, ""importance"": 0.000193}, {""slot_start"": 17, ""slot_end_inclusive"": 20, ""probability_drop"": 0.000876, ""regression_signed_change"": -0.001841, ""importance"": 0.000937}, {""slot_start"": 21, ""slot_end_inclusive"": 24, ""probability_drop"": 0.001298, ""regression_signed_change"": -0.002452, ""importance"": 0.00138}, {""slot_start"": 25, ""slot_end_inclusive"": 26, ""probability_drop"": 0.001658, ""regression_signed_change"": -0.004191, ""importance"": 0.001797}]",26,9,12,2.862,4.292,,,,feature-window perturbation,0.006788,-0.011312,0.007165,0.073496,-0.001579,0.10437,0.064418,0.164258,0.715435,-0.02313,0.0,0.065334,0.284565,Text,Text,positive whole-modality probability drop
05,aligned_50,"P-RMF-E, three-seed Q2 ensemble",2,Positive,0.527588,0.016027,0.223583,0.760391,Audio,0.329486,0.333482,0.337032,17,"Hi, my name is Chloe, video marketer for Red Wagon Marketing.",D:\work\math\huaweicup\第二十三届中国研究生数学建模竞赛 - 中文题目\中文题目\E题\E题数据\附件4-可解释专项视频样本与特征文件\附件4-可解释专项视频样本与特征文件\对齐版本\videos\05.mp4,6.167,183,uniform-slot approximation; not source timestamps,"[{""slot_start"": 1, ""slot_end_inclusive"": 4, ""probability_drop"": 0.019628, ""regression_signed_change"": 0.055339, ""importance"": 0.021473}, {""slot_start"": 5, ""slot_end_inclusive"": 8, ""probability_drop"": -0.004881, ""regression_signed_change"": 0.004313, ""importance"": 0.000144}, {""slot_start"": 9, ""slot_end_inclusive"": 12, ""probability_drop"": -0.005926, ""regression_signed_change"": 0.003092, ""importance"": 0.000103}, {""slot_start"": 13, ""slot_end_inclusive"": 15, ""probability_drop"": -0.003688, ""regression_signed_change"": -0.000488, ""importance"": 1.6e-05}]",15,1,4,0.0,1.645,,,,"Hi, my name",0.019628,0.055339,0.021473,"[{""slot_start"": 1, ""slot_end_inclusive"": 4, ""probability_drop"": 0.041585, ""regression_signed_change"": 0.074544, ""importance"": 0.04407}, {""slot_start"": 5, ""slot_end_inclusive"": 8, ""probability_drop"": 0.027005, ""regression_signed_change"": 0.053874, ""importance"": 0.028801}, {""slot_start"": 9, ""slot_end_inclusive"": 12, ""probability_drop"": 0.007156, ""regression_signed_change"": 0.018229, ""importance"": 0.007764}, {""slot_start"": 13, ""slot_end_inclusive"": 15, ""probability_drop"": -0.002853, ""regression_signed_change"": -0.003825, ""importance"": 0.000127}]",15,1,4,0.0,1.645,0,48,24,feature-window perturbation,0.041585,0.074544,0.04407,"[{""slot_start"": 1, ""slot_end_inclusive"": 4, ""probability_drop"": 0.006313, ""regression_signed_change"": 0.005127, ""importance"": 0.006484}, {""slot_start"": 5, ""slot_end_inclusive"": 8, ""probability_drop"": 0.007349, ""regression_signed_change"": 0.009359, ""importance"": 0.007661}, {""slot_start"": 9, ""slot_end_inclusive"": 12, ""probability_drop"": 0.006622, ""regression_signed_change"": 0.008952, ""importance"": 0.006921}, {""slot_start"": 13, ""slot_end_inclusive"": 15, ""probability_drop"": 0.002451, ""regression_signed_change"": 0.003174, ""importance"": 0.002557}]",15,5,8,1.645,3.289,,,,feature-window perturbation,0.007349,0.009359,0.007661,0.072811,0.022038,0.131917,0.053358,0.01128,0.056427,0.140371,0.702158,0.048262,0.241415,Vision,Vision,positive whole-modality probability drop
06,aligned_50,"P-RMF-E, three-seed Q2 ensemble",2,Positive,0.649414,0.077143,0.12073,0.802127,Audio,0.331535,0.332364,0.336101,37,"If you're a fan of dancing in that sense, just like to watch people dance, see impressive dance moves then you might want to check out this movie solely for that",D:\work\math\huaweicup\第二十三届中国研究生数学建模竞赛 - 中文题目\中文题目\E题\E题数据\附件4-可解释专项视频样本与特征文件\附件4-可解释专项视频样本与特征文件\对齐版本\videos\06.mp4,9.8,292,uniform-slot approximation; not source timestamps,"[{""slot_start"": 1, ""slot_end_inclusive"": 4, ""probability_drop"": 0.015513, ""regression_signed_change"": 0.034993, ""importance"": 0.016679}, {""slot_start"": 5, ""slot_end_inclusive"": 8, ""probability_drop"": 0.038615, ""regression_signed_change"": 0.083333, ""importance"": 0.041393}, {""slot_start"": 9, ""slot_end_inclusive"": 12, ""probability_drop"": 0.022559, ""regression_signed_change"": 0.054036, ""importance"": 0.024361}, {""slot_start"": 13, ""slot_end_inclusive"": 16, ""probability_drop"": 0.020226, ""regression_signed_change"": 0.040446, ""importance"": 0.021574}, {""slot_start"": 17, ""slot_end_inclusive"": 20, ""probability_drop"": 0.032498, ""regression_signed_change"": 0.059814, ""importance"": 0.034492}, {""slot_start"": 21, ""slot_end_inclusive"": 24, ""probability_drop"": 0.046088, ""regression_signed_change"": 0.096598, ""importance"": 0.049308}, {""slot_start"": 25, ""slot_end_inclusive"": 28, ""probability_drop"": 0.011232, ""regression_signed_change"": 0.033366, ""importance"": 0.012345}, {""slot_start"": 29, ""slot_end_inclusive"": 32, ""probability_drop"": -0.007887, ""regression_signed_change"": -0.020833, ""importance"": 0.000694}, {""slot_start"": 33, ""slot_end_inclusive"": 35, ""probability_drop"": 0.012285, ""regression_signed_change"": 0.026693, ""importance"": 0.013175}]",35,21,24,5.6,6.72,,,,impressive dance moves then,0.046088,0.096598,0.049308,"[{""slot_start"": 1, ""slot_end_inclusive"": 4, ""probability_drop"": -0.005614, ""regression_signed_change"": -0.004069, ""importance"": 0.000136}, {""slot_start"": 5, ""slot_end_inclusive"": 8, ""probability_drop"": -0.006357, ""regression_signed_change"": -0.005859, ""importance"": 0.000195}, {""slot_start"": 9, ""slot_end_inclusive"": 12, ""probability_drop"": -0.011237, ""regression_signed_change"": -0.020345, ""importance"": 0.000678}, {""slot_start"": 13, ""slot_end_inclusive"": 16, ""probability_drop"": -0.012748, ""regression_signed_change"": -0.024414, ""importance"": 0.000814}, {""slot_start"": 17, ""slot_end_inclusive"": 20, ""probability_drop"": -0.012032, ""regression_signed_change"": -0.017253, ""importance"": 0.000575}, {""slot_start"": 21, ""slot_end_inclusive"": 24, ""probability_drop"": -0.010577, ""regression_signed_change"": -0.016439, ""importance"": 0.000548}, {""slot_start"": 25, ""slot_end_inclusive"": 28, ""probability_drop"": -0.00597, ""regression_signed_change"": -0.007487, ""importance"": 0.00025}, {""slot_start"": 29, ""slot_end_inclusive"": 32, ""probability_drop"": -0.004714, ""regression_signed_change"": -0.003092, ""importance"": 0.000103}, {""slot_start"": 33, ""slot_end_inclusive"": 35, ""probability_drop"": -0.001034, ""regression_signed_change"": 0.001465, ""importance"": 4.9e-05}]",35,13,16,3.36,4.48,100,133,116,feature-window perturbation,-0.012748,-0.024414,0.000814,"[{""slot_start"": 1, ""slot_end_inclusive"": 4, ""probability_drop"": 0.00202, ""regression_signed_change"": 0.00179, ""importance"": 0.00208}, {""slot_start"": 5, ""slot_end_inclusive"": 8, ""probability_drop"": 0.004291, ""regression_signed_change"": 0.007487, ""importance"": 0.00454}, {""slot_start"": 9, ""slot_end_inclusive"": 12, ""probability_drop"": 0.00308, ""regression_signed_change"": 0.00651, ""importance"": 0.003297}, {""slot_start"": 13, ""slot_end_inclusive"": 16, ""probability_drop"": 0.00152, ""regression_signed_change"": -0.000326, ""importance"": 0.001531}, {""slot_start"": 17, ""slot_end_inclusive"": 20, ""probability_drop"": 0.000839, ""regression_signed_change"": 0.000814, ""importance"": 0.000866}, {""slot_start"": 21, ""slot_end_inclusive"": 24, ""probability_drop"": 0.000285, ""regression_signed_change"": 0.00179, ""importance"": 0.000345}, {""slot_start"": 25, ""slot_end_inclusive"": 28, ""probability_drop"": -4.4e-05, ""regression_signed_change"": 0.001139, ""importance"": 3.8e-05}, {""slot_start"": 29, ""slot_end_inclusive"": 32, ""probability_drop"": 0.001403, ""regression_signed_change"": 0.005859, ""importance"": 0.001598}, {""slot_start"": 33, ""slot_end_inclusive"": 35, ""probability_drop"": 0.000545, ""regression_signed_change"": 0.003581, ""importance"": 0.000665}]",35,5,8,1.12,2.24,,,,feature-window perturbation,0.004291,0.007487,0.00454,0.035507,0.011504,0.078206,0.035265,0.325296,0.913056,-0.058979,0.0,0.030976,0.086944,Text,Text,positive whole-modality probability drop
07,aligned_50,"P-RMF-E, three-seed Q2 ensemble",2,Positive,0.660319,0.016946,0.172337,0.810716,Audio,0.329252,0.333755,0.336993,50,"As Linn’s associate editor Michael Baadke reports in our November 28 issue, attendees “enthusiastically discussed the topics of growing the hobby, the future of stamp shows, and dealers and philatelic partnerships, along with ways the leading organizations involved in the stamp hobby can work together to make it succeed and grow",D:\work\math\huaweicup\第二十三届中国研究生数学建模竞赛 - 中文题目\中文题目\E题\E题数据\附件4-可解释专项视频样本与特征文件\附件4-可解释专项视频样本与特征文件\对齐版本\videos\07.mp4,24.134,723,uniform-slot approximation; not source timestamps,"[{""slot_start"": 1, ""slot_end_inclusive"": 4, ""probability_drop"": -0.015243, ""regression_signed_change"": -0.027018, ""importance"": 0.000901}, {""slot_start"": 5, ""slot_end_inclusive"": 8, ""probability_drop"": -0.005597, ""regression_signed_change"": -0.005208, ""importance"": 0.000174}, {""slot_start"": 9, ""slot_end_inclusive"": 12, ""probability_drop"": -0.019331, ""regression_signed_change"": -0.040039, ""importance"": 0.001335}, {""slot_start"": 13, ""slot_end_inclusive"": 16, ""probability_drop"": 0.011556, ""regression_signed_change"": 0.032633, ""importance"": 0.012644}, {""slot_start"": 17, ""slot_end_inclusive"": 20, ""probability_drop"": 0.009689, ""regression_signed_change"": 0.026042, ""importance"": 0.010557}, {""slot_start"": 21, ""slot_end_inclusive"": 24, ""probability_drop"": 0.030434, ""regression_signed_change"": 0.072021, ""importance"": 0.032835}, {""slot_start"": 25, ""slot_end_inclusive"": 28, ""probability_drop"": 0.012391, ""regression_signed_change"": 0.037679, ""importance"": 0.013647}, {""slot_start"": 29, ""slot_end_inclusive"": 32, ""probability_drop"": 0.007172, ""regression_signed_change"": 0.025472, ""importance"": 0.008021}, {""slot_start"": 33, ""slot_end_inclusive"": 36, ""probability_drop"": -0.007284, ""regression_signed_change"": -0.006348, ""importance"": 0.000212}, {""slot_start"": 37, ""slot_end_inclusive"": 40, ""probability_drop"": -0.00959, ""regression_signed_change"": -0.009277, ""importance"": 0.000309}, {""slot_start"": 41, ""slot_end_inclusive"": 44, ""probability_drop"": 0.009328, ""regression_signed_change"": 0.032959, ""importance"": 0.010427}, {""slot_start"": 45, ""slot_end_inclusive"": 48, ""probability_drop"": 0.017601, ""regression_signed_change"": 0.047038, ""importance"": 0.019169}]",48,21,24,10.056,12.067,,,,enthusiastically discussed the topics,0.030434,0.072021,0.032835,"[{""slot_start"": 1, ""slot_end_inclusive"": 4, ""probability_drop"": -0.010911, ""regression_signed_change"": -0.020671, ""importance"": 0.000689}, {""slot_start"": 5, ""slot_end_inclusive"": 8, ""probability_drop"": -0.0098, ""regression_signed_change"": -0.018392, ""importance"": 0.000613}, {""slot_start"": 9, ""slot_end_inclusive"": 12, ""probability_drop"": -0.00861, ""regression_signed_change"": -0.017253, ""importance"": 0.000575}, {""slot_start"": 13, ""slot_end_inclusive"": 16, ""probability_drop"": -0.001149, ""regression_signed_change"": -0.004069, ""importance"": 0.000136}, {""slot_start"": 17, ""slot_end_inclusive"": 20, ""probability_drop"": -0.002589, ""regression_signed_change"": -0.006185, ""importance"": 0.000206}, {""slot_start"": 21, ""slot_end_inclusive"": 24, ""probability_drop"": -0.003701, ""regression_signed_change"": -0.00944, ""importance"": 0.000315}, {""slot_start"": 25, ""slot_end_inclusive"": 28, ""probability_drop"": -0.000442, ""regression_signed_change"": 0.0, ""importance"": 0.0}, {""slot_start"": 29, ""slot_end_inclusive"": 32, ""probability_drop"": -0.00035, ""regression_signed_change"": 0.001628, ""importance"": 5.4e-05}, {""slot_start"": 33, ""slot_end_inclusive"": 36, ""probability_drop"": 0.004014, ""regression_signed_change"": 0.008301, ""importance"": 0.00429}, {""slot_start"": 37, ""slot_end_inclusive"": 40, ""probability_drop"": 0.008941, ""regression_signed_change"": 0.019613, ""importance"": 0.009595}, {""slot_start"": 41, ""slot_end_inclusive"": 44, ""probability_drop"": 0.008201, ""regression_signed_change"": 0.018311, ""importance"": 0.008811}, {""slot_start"": 45, ""slot_end_inclusive"": 48, ""probability_drop"": 0.007907, ""regression_signed_change"": 0.016927, ""importance"": 0.008471}]",48,37,40,18.101,20.112,542,602,572,feature-window perturbation,0.008941,0.019613,0.009595,"[{""slot_start"": 1, ""slot_end_inclusive"": 4, ""probability_drop"": 0.006869, ""regression_signed_change"": 0.00887, ""importance"": 0.007165}, {""slot_start"": 5, ""slot_end_inclusive"": 8, ""probability_drop"": 0.008307, ""regression_signed_change"": 0.013753, ""importance"": 0.008765}, {""slot_start"": 9, ""slot_end_inclusive"": 12, ""probability_drop"": 0.007161, ""regression_signed_change"": 0.011068, ""importance"": 0.00753}, {""slot_start"": 13, ""slot_end_inclusive"": 16, ""probability_drop"": 0.002878, ""regression_signed_change"": 0.005208, ""importance"": 0.003052}, {""slot_start"": 17, ""slot_end_inclusive"": 20, ""probability_drop"": 0.002389, ""regression_signed_change"": 0.007487, ""importance"": 0.002639}, {""slot_start"": 21, ""slot_end_inclusive"": 24, ""probability_drop"": 0.00072, ""regression_signed_change"": 0.006185, ""importance"": 0.000926}, {""slot_start"": 25, ""slot_end_inclusive"": 28, ""probability_drop"": 0.001122, ""regression_signed_change"": 0.003906, ""importance"": 0.001252}, {""slot_start"": 29, ""slot_end_inclusive"": 32, ""probability_drop"": 0.003081, ""regression_signed_change"": 0.008138, ""importance"": 0.003352}, {""slot_start"": 33, ""slot_end_inclusive"": 36, ""probability_drop"": 0.005418, ""regression_signed_change"": 0.011719, ""importance"": 0.005809}, {""slot_start"": 37, ""slot_end_inclusive"": 40, ""probability_drop"": 0.00312, ""regression_signed_change"": 0.005697, ""importance"": 0.00331}, {""slot_start"": 41, ""slot_end_inclusive"": 44, ""probability_drop"": 0.005246, ""regression_signed_change"": 0.010091, ""importance"": 0.005582}, {""slot_start"": 45, ""slot_end_inclusive"": 48, ""probability_drop"": 0.003386, ""regression_signed_change"": 0.008789, ""importance"": 0.003679}]",48,5,8,2.011,4.022,,,,feature-window perturbation,0.008307,0.013753,0.008765,0.049415,0.002963,0.104085,0.035319,0.446335,0.848553,0.014249,0.02709,0.065411,0.124356,Text,Text,positive whole-modality probability drop
08,aligned_50,"P-RMF-E, three-seed Q2 ensemble",2,Positive,0.752604,0.00974,0.147959,0.8423,Audio,0.330727,0.332874,0.336399,13,"That brings us to tonight, the Universal Design Grand Challenge",D:\work\math\huaweicup\第二十三届中国研究生数学建模竞赛 - 中文题目\中文题目\E题\E题数据\附件4-可解释专项视频样本与特征文件\附件4-可解释专项视频样本与特征文件\对齐版本\videos\08.mp4,8.067,239,uniform-slot approximation; not source timestamps,"[{""slot_start"": 1, ""slot_end_inclusive"": 4, ""probability_drop"": 0.021075, ""regression_signed_change"": 0.079264, ""importance"": 0.023718}, {""slot_start"": 5, ""slot_end_inclusive"": 8, ""probability_drop"": -0.00037, ""regression_signed_change"": 0.013835, ""importance"": 0.000461}, {""slot_start"": 9, ""slot_end_inclusive"": 11, ""probability_drop"": 0.001226, ""regression_signed_change"": 0.013997, ""importance"": 0.001693}]",11,1,4,0.0,2.933,,,,That brings us to,0.021075,0.079264,0.023718,"[{""slot_start"": 1, ""slot_end_inclusive"": 4, ""probability_drop"": -0.006339, ""regression_signed_change"": -0.028158, ""importance"": 0.000939}, {""slot_start"": 5, ""slot_end_inclusive"": 8, ""probability_drop"": -0.005544, ""regression_signed_change"": -0.028158, ""importance"": 0.000939}, {""slot_start"": 9, ""slot_end_inclusive"": 11, ""probability_drop"": -0.002664, ""regression_signed_change"": -0.016113, ""importance"": 0.000537}]",11,1,4,0.0,2.933,0,86,43,feature-window perturbation,-0.006339,-0.028158,0.000939,"[{""slot_start"": 1, ""slot_end_inclusive"": 4, ""probability_drop"": 0.00499, ""regression_signed_change"": 0.005208, ""importance"": 0.005163}, {""slot_start"": 5, ""slot_end_inclusive"": 8, ""probability_drop"": 0.005431, ""regression_signed_change"": 0.008952, ""importance"": 0.005729}, {""slot_start"": 9, ""slot_end_inclusive"": 11, ""probability_drop"": 0.003578, ""regression_signed_change"": 0.007975, ""importance"": 0.003843}]",11,5,8,2.933,5.867,,,,feature-window perturbation,0.005431,0.008952,0.005729,0.019717,-0.001143,0.062663,0.007324,0.024725,0.480308,-0.013469,0.0,0.026752,0.519692,Audio,Audio,positive whole-modality probability drop
09,aligned_50,"P-RMF-E, three-seed Q2 ensemble",0,Negative,-2.457031,0.979268,0.007865,0.012867,Text,0.334846,0.330685,0.334469,20,"(uhh) I did not like this movie at all, I would not recommend it",D:\work\math\huaweicup\第二十三届中国研究生数学建模竞赛 - 中文题目\中文题目\E题\E题数据\附件4-可解释专项视频样本与特征文件\附件4-可解释专项视频样本与特征文件\对齐版本\videos\09.mp4,11.3,339,uniform-slot approximation; not source timestamps,"[{""slot_start"": 1, ""slot_end_inclusive"": 4, ""probability_drop"": 0.001716, ""regression_signed_change"": -0.053385, ""importance"": 0.003496}, {""slot_start"": 5, ""slot_end_inclusive"": 8, ""probability_drop"": 0.003835, ""regression_signed_change"": -0.121745, ""importance"": 0.007893}, {""slot_start"": 9, ""slot_end_inclusive"": 12, ""probability_drop"": 0.00407, ""regression_signed_change"": -0.117188, ""importance"": 0.007976}, {""slot_start"": 13, ""slot_end_inclusive"": 16, ""probability_drop"": 0.004128, ""regression_signed_change"": -0.125651, ""importance"": 0.008317}, {""slot_start"": 17, ""slot_end_inclusive"": 18, ""probability_drop"": 0.002775, ""regression_signed_change"": -0.083984, ""importance"": 0.005575}]",18,13,16,7.533,10.044,,,,", I would not",0.004128,-0.125651,0.008317,"[{""slot_start"": 1, ""slot_end_inclusive"": 4, ""probability_drop"": -0.001135, ""regression_signed_change"": 0.005208, ""importance"": 0.000174}, {""slot_start"": 5, ""slot_end_inclusive"": 8, ""probability_drop"": -0.001044, ""regression_signed_change"": 0.009766, ""importance"": 0.000326}, {""slot_start"": 9, ""slot_end_inclusive"": 12, ""probability_drop"": -0.000495, ""regression_signed_change"": 0.011068, ""importance"": 0.000369}, {""slot_start"": 13, ""slot_end_inclusive"": 16, ""probability_drop"": 0.000665, ""regression_signed_change"": -0.003255, ""importance"": 0.000773}, {""slot_start"": 17, ""slot_end_inclusive"": 18, ""probability_drop"": 0.000179, ""regression_signed_change"": -0.001302, ""importance"": 0.000222}]",18,13,16,7.533,10.044,226,301,263,feature-window perturbation,0.000665,-0.003255,0.000773,"[{""slot_start"": 1, ""slot_end_inclusive"": 4, ""probability_drop"": 0.000298, ""regression_signed_change"": 0.002604, ""importance"": 0.000385}, {""slot_start"": 5, ""slot_end_inclusive"": 8, ""probability_drop"": 0.000121, ""regression_signed_change"": -0.003906, ""importance"": 0.000251}, {""slot_start"": 9, ""slot_end_inclusive"": 12, ""probability_drop"": 0.000544, ""regression_signed_change"": -0.007161, ""importance"": 0.000783}, {""slot_start"": 13, ""slot_end_inclusive"": 16, ""probability_drop"": -2e-06, ""regression_signed_change"": -0.001953, ""importance"": 6.5e-05}, {""slot_start"": 17, ""slot_end_inclusive"": 18, ""probability_drop"": 0.000109, ""regression_signed_change"": -0.001302, ""importance"": 0.000152}]",18,9,12,5.022,7.533,,,,feature-window perturbation,0.000544,-0.007161,0.000783,0.005616,0.001638,0.141276,0.071398,0.035714,0.901194,-0.001663,0.0,0.003916,0.098806,Text,Text,positive whole-modality probability drop
10,aligned_50,"P-RMF-E, three-seed Q2 ensemble",0,Negative,-1.87793,0.945175,0.012352,0.042473,Audio,0.333083,0.331693,0.335224,32,(umm) And you know I really do like to see fluffy chick flicks sometimes so I'm not against that but this one was pretty terrible,D:\work\math\huaweicup\第二十三届中国研究生数学建模竞赛 - 中文题目\中文题目\E题\E题数据\附件4-可解释专项视频样本与特征文件\附件4-可解释专项视频样本与特征文件\对齐版本\videos\10.mp4,10.934,325,uniform-slot approximation; not source timestamps,"[{""slot_start"": 1, ""slot_end_inclusive"": 4, ""probability_drop"": 0.000739, ""regression_signed_change"": -0.020508, ""importance"": 0.001423}, {""slot_start"": 5, ""slot_end_inclusive"": 8, ""probability_drop"": 0.00352, ""regression_signed_change"": -0.056966, ""importance"": 0.005419}, {""slot_start"": 9, ""slot_end_inclusive"": 12, ""probability_drop"": 0.008048, ""regression_signed_change"": -0.1097, ""importance"": 0.011705}, {""slot_start"": 13, ""slot_end_inclusive"": 16, ""probability_drop"": 0.006633, ""regression_signed_change"": -0.071615, ""importance"": 0.00902}, {""slot_start"": 17, ""slot_end_inclusive"": 20, ""probability_drop"": 0.003805, ""regression_signed_change"": -0.064128, ""importance"": 0.005943}, {""slot_start"": 21, ""slot_end_inclusive"": 24, ""probability_drop"": 0.003995, ""regression_signed_change"": -0.056315, ""importance"": 0.005872}, {""slot_start"": 25, ""slot_end_inclusive"": 28, ""probability_drop"": 0.027086, ""regression_signed_change"": -0.270508, ""importance"": 0.036103}, {""slot_start"": 29, ""slot_end_inclusive"": 30, ""probability_drop"": 0.018104, ""regression_signed_change"": -0.190104, ""importance"": 0.024441}]",30,25,28,8.747,10.205,,,,but this one was,0.027086,-0.270508,0.036103,"[{""slot_start"": 1, ""slot_end_inclusive"": 4, ""probability_drop"": -0.001182, ""regression_signed_change"": -0.012044, ""importance"": 0.000401}, {""slot_start"": 5, ""slot_end_inclusive"": 8, ""probability_drop"": 0.001591, ""regression_signed_change"": -0.027669, ""importance"": 0.002513}, {""slot_start"": 9, ""slot_end_inclusive"": 12, ""probability_drop"": 0.00018, ""regression_signed_change"": -0.017253, ""importance"": 0.000755}, {""slot_start"": 13, ""slot_end_inclusive"": 16, ""probability_drop"": 0.000735, ""regression_signed_change"": -0.020508, ""importance"": 0.001418}, {""slot_start"": 17, ""slot_end_inclusive"": 20, ""probability_drop"": 0.001274, ""regression_signed_change"": -0.014648, ""importance"": 0.001762}, {""slot_start"": 21, ""slot_end_inclusive"": 24, ""probability_drop"": 0.00044, ""regression_signed_change"": -0.010742, ""importance"": 0.000798}, {""slot_start"": 25, ""slot_end_inclusive"": 28, ""probability_drop"": 0.000218, ""regression_signed_change"": -0.010742, ""importance"": 0.000576}, {""slot_start"": 29, ""slot_end_inclusive"": 30, ""probability_drop"": -0.000329, ""regression_signed_change"": -0.001302, ""importance"": 4.3e-05}]",30,5,8,1.458,2.916,43,86,64,feature-window perturbation,0.001591,-0.027669,0.002513,"[{""slot_start"": 1, ""slot_end_inclusive"": 4, ""probability_drop"": 0.000607, ""regression_signed_change"": -0.001953, ""importance"": 0.000672}, {""slot_start"": 5, ""slot_end_inclusive"": 8, ""probability_drop"": -0.000174, ""regression_signed_change"": -0.005859, ""importance"": 0.000195}, {""slot_start"": 9, ""slot_end_inclusive"": 12, ""probability_drop"": 0.001006, ""regression_signed_change"": -0.01237, ""importance"": 0.001419}, {""slot_start"": 13, ""slot_end_inclusive"": 16, ""probability_drop"": -6.9e-05, ""regression_signed_change"": -0.005859, ""importance"": 0.000195}, {""slot_start"": 17, ""slot_end_inclusive"": 20, ""probability_drop"": -0.000129, ""regression_signed_change"": -0.001628, ""importance"": 5.4e-05}, {""slot_start"": 21, ""slot_end_inclusive"": 24, ""probability_drop"": -7e-06, ""regression_signed_change"": 0.000977, ""importance"": 3.3e-05}, {""slot_start"": 25, ""slot_end_inclusive"": 28, ""probability_drop"": 0.000286, ""regression_signed_change"": -0.006836, ""importance"": 0.000514}, {""slot_start"": 29, ""slot_end_inclusive"": 30, ""probability_drop"": -0.000421, ""regression_signed_change"": 0.001628, ""importance"": 5.4e-05}]",30,9,12,2.916,4.374,,,,feature-window perturbation,0.001006,-0.01237,0.001419,0.031041,0.00359,0.314128,0.063911,0.160115,0.944627,-0.000311,0.0,0.009386,0.055373,Text,Text,positive whole-modality probability drop
11,aligned_50,"P-RMF-E, three-seed Q2 ensemble",0,Negative,-0.741699,0.792917,0.063562,0.143521,Audio,0.332308,0.33193,0.335762,16,I would be ashamed to have made this film if I was a director,D:\work\math\huaweicup\第二十三届中国研究生数学建模竞赛 - 中文题目\中文题目\E题\E题数据\附件4-可解释专项视频样本与特征文件\附件4-可解释专项视频样本与特征文件\对齐版本\videos\11.mp4,11.424,342,uniform-slot approximation; not source timestamps,"[{""slot_start"": 1, ""slot_end_inclusive"": 4, ""probability_drop"": 0.055439, ""regression_signed_change"": -0.196615, ""importance"": 0.061993}, {""slot_start"": 5, ""slot_end_inclusive"": 8, ""probability_drop"": 0.026099, ""regression_signed_change"": -0.092773, ""importance"": 0.029191}, {""slot_start"": 9, ""slot_end_inclusive"": 12, ""probability_drop"": 0.011325, ""regression_signed_change"": -0.039876, ""importance"": 0.012654}, {""slot_start"": 13, ""slot_end_inclusive"": 14, ""probability_drop"": 0.011973, ""regression_signed_change"": -0.039388, ""importance"": 0.013285}]",14,1,4,0.0,3.264,,,,I would be ashamed,0.055439,-0.196615,0.061993,"[{""slot_start"": 1, ""slot_end_inclusive"": 4, ""probability_drop"": 0.003248, ""regression_signed_change"": -0.031576, ""importance"": 0.0043}, {""slot_start"": 5, ""slot_end_inclusive"": 8, ""probability_drop"": 0.001369, ""regression_signed_change"": -0.028158, ""importance"": 0.002307}, {""slot_start"": 9, ""slot_end_inclusive"": 12, ""probability_drop"": 0.000773, ""regression_signed_change"": -0.023438, ""importance"": 0.001555}, {""slot_start"": 13, ""slot_end_inclusive"": 14, ""probability_drop"": -0.000628, ""regression_signed_change"": -0.006348, ""importance"": 0.000212}]",14,1,4,0.0,3.264,0,97,48,feature-window perturbation,0.003248,-0.031576,0.0043,"[{""slot_start"": 1, ""slot_end_inclusive"": 4, ""probability_drop"": 0.004042, ""regression_signed_change"": -0.01416, ""importance"": 0.004514}, {""slot_start"": 5, ""slot_end_inclusive"": 8, ""probability_drop"": 0.002757, ""regression_signed_change"": -0.016439, ""importance"": 0.003305}, {""slot_start"": 9, ""slot_end_inclusive"": 12, ""probability_drop"": 0.005993, ""regression_signed_change"": -0.02181, ""importance"": 0.00672}, {""slot_start"": 13, ""slot_end_inclusive"": 14, ""probability_drop"": -8.7e-05, ""regression_signed_change"": -0.004232, ""importance"": 0.000141}]",14,9,12,6.528,9.792,,,,feature-window perturbation,0.005993,-0.02181,0.00672,0.06702,0.021151,0.246663,0.096788,0.122243,0.706174,0.006677,0.038572,0.044186,0.255254,Text,Text,positive whole-modality probability drop
12,aligned_50,"P-RMF-E, three-seed Q2 ensemble",0,Negative,-1.407878,0.949618,0.041559,0.008822,Audio,0.33056,0.33321,0.336229,44,"Or worse, an individual previously had good credit, but usually by no fault of their own, or perhaps by fault of their own, they have let their credit sag, and credit scores is very low.",D:\work\math\huaweicup\第二十三届中国研究生数学建模竞赛 - 中文题目\中文题目\E题\E题数据\附件4-可解释专项视频样本与特征文件\附件4-可解释专项视频样本与特征文件\对齐版本\videos\12.mp4,20.367,609,uniform-slot approximation; not source timestamps,"[{""slot_start"": 1, ""slot_end_inclusive"": 4, ""probability_drop"": -0.000793, ""regression_signed_change"": -0.02474, ""importance"": 0.000825}, {""slot_start"": 5, ""slot_end_inclusive"": 8, ""probability_drop"": 0.002393, ""regression_signed_change"": -0.031576, ""importance"": 0.003446}, {""slot_start"": 9, ""slot_end_inclusive"": 12, ""probability_drop"": 0.002447, ""regression_signed_change"": -0.03418, ""importance"": 0.003586}, {""slot_start"": 13, ""slot_end_inclusive"": 16, ""probability_drop"": 0.007684, ""regression_signed_change"": -0.100586, ""importance"": 0.011037}, {""slot_start"": 17, ""slot_end_inclusive"": 20, ""probability_drop"": 0.003944, ""regression_signed_change"": -0.050781, ""importance"": 0.005636}, {""slot_start"": 21, ""slot_end_inclusive"": 24, ""probability_drop"": 0.009585, ""regression_signed_change"": -0.138346, ""importance"": 0.014196}, {""slot_start"": 25, ""slot_end_inclusive"": 28, ""probability_drop"": 0.006944, ""regression_signed_change"": -0.092122, ""importance"": 0.010015}, {""slot_start"": 29, ""slot_end_inclusive"": 32, ""probability_drop"": 0.005533, ""regression_signed_change"": -0.085938, ""importance"": 0.008397}, {""slot_start"": 33, ""slot_end_inclusive"": 36, ""probability_drop"": 0.011625, ""regression_signed_change"": -0.162435, ""importance"": 0.017039}, {""slot_start"": 37, ""slot_end_inclusive"": 40, ""probability_drop"": 0.010257, ""regression_signed_change"": -0.14974, ""importance"": 0.015248}, {""slot_start"": 41, ""slot_end_inclusive"": 42, ""probability_drop"": 0.008462, ""regression_signed_change"": -0.128906, ""importance"": 0.012759}]",42,33,36,15.518,17.457,,,,"sag, and",0.011625,-0.162435,0.017039,"[{""slot_start"": 1, ""slot_end_inclusive"": 4, ""probability_drop"": 0.002782, ""regression_signed_change"": -0.029948, ""importance"": 0.003781}, {""slot_start"": 5, ""slot_end_inclusive"": 8, ""probability_drop"": 0.002544, ""regression_signed_change"": -0.027995, ""importance"": 0.003477}, {""slot_start"": 9, ""slot_end_inclusive"": 12, ""probability_drop"": 0.00211, ""regression_signed_change"": -0.020833, ""importance"": 0.002804}, {""slot_start"": 13, ""slot_end_inclusive"": 16, ""probability_drop"": 0.002424, ""regression_signed_change"": -0.02474, ""importance"": 0.003249}, {""slot_start"": 17, ""slot_end_inclusive"": 20, ""probability_drop"": 0.00263, ""regression_signed_change"": -0.025716, ""importance"": 0.003487}, {""slot_start"": 21, ""slot_end_inclusive"": 24, ""probability_drop"": 0.002532, ""regression_signed_change"": -0.026042, ""importance"": 0.0034}, {""slot_start"": 25, ""slot_end_inclusive"": 28, ""probability_drop"": 0.00251, ""regression_signed_change"": -0.02181, ""importance"": 0.003237}, {""slot_start"": 29, ""slot_end_inclusive"": 32, ""probability_drop"": 0.002695, ""regression_signed_change"": -0.025065, ""importance"": 0.003531}, {""slot_start"": 33, ""slot_end_inclusive"": 36, ""probability_drop"": 0.003331, ""regression_signed_change"": -0.02832, ""importance"": 0.004275}, {""slot_start"": 37, ""slot_end_inclusive"": 40, ""probability_drop"": 0.002391, ""regression_signed_change"": -0.022135, ""importance"": 0.003129}, {""slot_start"": 41, ""slot_end_inclusive"": 42, ""probability_drop"": 0.001244, ""regression_signed_change"": -0.009766, ""importance"": 0.001569}]",42,33,36,15.518,17.457,464,521,492,feature-window perturbation,0.003331,-0.02832,0.004275,"[{""slot_start"": 1, ""slot_end_inclusive"": 4, ""probability_drop"": 0.002007, ""regression_signed_change"": -0.010742, ""importance"": 0.002365}, {""slot_start"": 5, ""slot_end_inclusive"": 8, ""probability_drop"": 0.001385, ""regression_signed_change"": -0.015625, ""importance"": 0.001906}, {""slot_start"": 9, ""slot_end_inclusive"": 12, ""probability_drop"": 0.002312, ""regression_signed_change"": -0.023112, ""importance"": 0.003083}, {""slot_start"": 13, ""slot_end_inclusive"": 16, ""probability_drop"": 0.000129, ""regression_signed_change"": -0.008464, ""importance"": 0.000411}, {""slot_start"": 17, ""slot_end_inclusive"": 20, ""probability_drop"": 0.000529, ""regression_signed_change"": -0.010742, ""importance"": 0.000887}, {""slot_start"": 21, ""slot_end_inclusive"": 24, ""probability_drop"": 0.000393, ""regression_signed_change"": -0.004557, ""importance"": 0.000545}, {""slot_start"": 25, ""slot_end_inclusive"": 28, ""probability_drop"": 0.000861, ""regression_signed_change"": -0.017253, ""importance"": 0.001436}, {""slot_start"": 29, ""slot_end_inclusive"": 32, ""probability_drop"": 0.00054, ""regression_signed_change"": -0.010417, ""importance"": 0.000887}, {""slot_start"": 33, ""slot_end_inclusive"": 36, ""probability_drop"": 0.001505, ""regression_signed_change"": -0.018229, ""importance"": 0.002113}, {""slot_start"": 37, ""slot_end_inclusive"": 40, ""probability_drop"": 0.001329, ""regression_signed_change"": -0.00944, ""importance"": 0.001643}, {""slot_start"": 41, ""slot_end_inclusive"": 42, ""probability_drop"": 0.001181, ""regression_signed_change"": -0.013021, ""importance"": 0.001615}]",42,9,12,3.879,5.819,,,,feature-window perturbation,0.002312,-0.023112,0.003083,0.019008,0.007595,0.215495,0.07921,0.216192,0.743748,0.042263,0.145394,0.032224,0.110858,Text,Text,positive whole-modality probability drop
13,aligned_50,"P-RMF-E, three-seed Q2 ensemble",1,Neutral,0.184764,0.032373,0.535326,0.432302,Audio,0.328791,0.333828,0.337381,32,"For example, I could take a set of data and from that data, I can find a relationship between any two of the given factors or more.",D:\work\math\huaweicup\第二十三届中国研究生数学建模竞赛 - 中文题目\中文题目\E题\E题数据\附件4-可解释专项视频样本与特征文件\附件4-可解释专项视频样本与特征文件\对齐版本\videos\13.mp4,8.68,260,uniform-slot approximation; not source timestamps,"[{""slot_start"": 1, ""slot_end_inclusive"": 4, ""probability_drop"": 0.024679, ""regression_signed_change"": -0.005219, ""importance"": 0.024853}, {""slot_start"": 5, ""slot_end_inclusive"": 8, ""probability_drop"": 0.029827, ""regression_signed_change"": -0.007233, ""importance"": 0.030068}, {""slot_start"": 9, ""slot_end_inclusive"": 12, ""probability_drop"": 0.006334, ""regression_signed_change"": 0.007507, ""importance"": 0.006584}, {""slot_start"": 13, ""slot_end_inclusive"": 16, ""probability_drop"": 0.010891, ""regression_signed_change"": 0.003988, ""importance"": 0.011024}, {""slot_start"": 17, ""slot_end_inclusive"": 20, ""probability_drop"": 0.016637, ""regression_signed_change"": 0.006917, ""importance"": 0.016867}, {""slot_start"": 21, ""slot_end_inclusive"": 24, ""probability_drop"": -0.009307, ""regression_signed_change"": 0.011444, ""importance"": 0.000381}, {""slot_start"": 25, ""slot_end_inclusive"": 28, ""probability_drop"": -0.009988, ""regression_signed_change"": 0.011658, ""importance"": 0.000389}, {""slot_start"": 29, ""slot_end_inclusive"": 30, ""probability_drop"": 0.002102, ""regression_signed_change"": 0.002096, ""importance"": 0.002172}]",30,5,8,1.157,2.315,,,,could take a set,0.029827,-0.007233,0.030068,[],0,,,,,,,,unavailable: no observed feature slots,,,,"[{""slot_start"": 1, ""slot_end_inclusive"": 4, ""probability_drop"": -0.008575, ""regression_signed_change"": 0.002279, ""importance"": 7.6e-05}, {""slot_start"": 5, ""slot_end_inclusive"": 8, ""probability_drop"": -0.009246, ""regression_signed_change"": 0.002625, ""importance"": 8.7e-05}, {""slot_start"": 9, ""slot_end_inclusive"": 12, ""probability_drop"": -0.008383, ""regression_signed_change"": 0.003276, ""importance"": 0.000109}, {""slot_start"": 13, ""slot_end_inclusive"": 16, ""probability_drop"": -0.002454, ""regression_signed_change"": 0.001434, ""importance"": 4.8e-05}, {""slot_start"": 17, ""slot_end_inclusive"": 20, ""probability_drop"": -0.003406, ""regression_signed_change"": 0.002401, ""importance"": 8e-05}, {""slot_start"": 21, ""slot_end_inclusive"": 24, ""probability_drop"": -0.002238, ""regression_signed_change"": 0.002553, ""importance"": 8.5e-05}, {""slot_start"": 25, ""slot_end_inclusive"": 28, ""probability_drop"": -0.002799, ""regression_signed_change"": 0.000793, ""importance"": 2.6e-05}, {""slot_start"": 29, ""slot_end_inclusive"": 30, ""probability_drop"": -0.002099, ""regression_signed_change"": 0.000844, ""importance"": 2.8e-05}]",30,9,12,2.315,3.472,,,,feature-window perturbation,-0.008383,0.003276,0.000109,0.021453,0.004311,0.003652,0.008535,0.118295,1.0,0.0,0.0,-0.084488,0.0,Text,Text,positive whole-modality probability drop
14,aligned_50,"P-RMF-E, three-seed Q2 ensemble",2,Positive,0.318888,0.034739,0.390394,0.574868,Audio,0.328229,0.334079,0.337692,37,He is the co-founder of Rossen and Vettese Limited and the former Executive Director of Uniform Final Examination (UFE) courses at Toronto's York University.,D:\work\math\huaweicup\第二十三届中国研究生数学建模竞赛 - 中文题目\中文题目\E题\E题数据\附件4-可解释专项视频样本与特征文件\附件4-可解释专项视频样本与特征文件\对齐版本\videos\14.mp4,13.9,415,uniform-slot approximation; not source timestamps,"[{""slot_start"": 1, ""slot_end_inclusive"": 4, ""probability_drop"": -0.027445, ""regression_signed_change"": -0.012085, ""importance"": 0.000403}, {""slot_start"": 5, ""slot_end_inclusive"": 8, ""probability_drop"": -0.014382, ""regression_signed_change"": -0.005778, ""importance"": 0.000193}, {""slot_start"": 9, ""slot_end_inclusive"": 12, ""probability_drop"": -0.030172, ""regression_signed_change"": -0.020793, ""importance"": 0.000693}, {""slot_start"": 13, ""slot_end_inclusive"": 16, ""probability_drop"": -0.001308, ""regression_signed_change"": 0.011271, ""importance"": 0.000376}, {""slot_start"": 17, ""slot_end_inclusive"": 20, ""probability_drop"": -0.043204, ""regression_signed_change"": -0.037069, ""importance"": 0.001236}, {""slot_start"": 21, ""slot_end_inclusive"": 24, ""probability_drop"": -0.039521, ""regression_signed_change"": -0.030965, ""importance"": 0.001032}, {""slot_start"": 25, ""slot_end_inclusive"": 28, ""probability_drop"": -0.008197, ""regression_signed_change"": 0.002401, ""importance"": 8e-05}, {""slot_start"": 29, ""slot_end_inclusive"": 32, ""probability_drop"": -0.026725, ""regression_signed_change"": -0.011556, ""importance"": 0.000385}, {""slot_start"": 33, ""slot_end_inclusive"": 35, ""probability_drop"": 0.003403, ""regression_signed_change"": 0.007161, ""importance"": 0.003642}]",35,33,35,12.709,13.9,,,,York University.,0.003403,0.007161,0.003642,"[{""slot_start"": 1, ""slot_end_inclusive"": 4, ""probability_drop"": 0.022671, ""regression_signed_change"": 0.024495, ""importance"": 0.023488}, {""slot_start"": 5, ""slot_end_inclusive"": 8, ""probability_drop"": 0.02312, ""regression_signed_change"": 0.022258, ""importance"": 0.023862}, {""slot_start"": 9, ""slot_end_inclusive"": 12, ""probability_drop"": 0.024572, ""regression_signed_change"": 0.025391, ""importance"": 0.025418}, {""slot_start"": 13, ""slot_end_inclusive"": 16, ""probability_drop"": 0.028061, ""regression_signed_change"": 0.031291, ""importance"": 0.029104}, {""slot_start"": 17, ""slot_end_inclusive"": 20, ""probability_drop"": 0.033011, ""regression_signed_change"": 0.037842, ""importance"": 0.034273}, {""slot_start"": 21, ""slot_end_inclusive"": 24, ""probability_drop"": 0.02915, ""regression_signed_change"": 0.030518, ""importance"": 0.030167}, {""slot_start"": 25, ""slot_end_inclusive"": 28, ""probability_drop"": 0.031344, ""regression_signed_change"": 0.03186, ""importance"": 0.032406}, {""slot_start"": 29, ""slot_end_inclusive"": 32, ""probability_drop"": 0.034859, ""regression_signed_change"": 0.039917, ""importance"": 0.03619}, {""slot_start"": 33, ""slot_end_inclusive"": 35, ""probability_drop"": 0.029686, ""regression_signed_change"": 0.033162, ""importance"": 0.030792}]",35,29,32,11.12,12.709,332,379,355,feature-window perturbation,0.034859,0.039917,0.03619,"[{""slot_start"": 1, ""slot_end_inclusive"": 4, ""probability_drop"": 0.007699, ""regression_signed_change"": 0.002808, ""importance"": 0.007793}, {""slot_start"": 5, ""slot_end_inclusive"": 8, ""probability_drop"": 0.009854, ""regression_signed_change"": 0.004801, ""importance"": 0.010014}, {""slot_start"": 9, ""slot_end_inclusive"": 12, ""probability_drop"": 0.007949, ""regression_signed_change"": 0.003581, ""importance"": 0.008068}, {""slot_start"": 13, ""slot_end_inclusive"": 16, ""probability_drop"": 0.002137, ""regression_signed_change"": 0.003825, ""importance"": 0.002264}, {""slot_start"": 17, ""slot_end_inclusive"": 20, ""probability_drop"": 0.002535, ""regression_signed_change"": 0.004598, ""importance"": 0.002688}, {""slot_start"": 21, ""slot_end_inclusive"": 24, ""probability_drop"": 0.001543, ""regression_signed_change"": 0.001587, ""importance"": 0.001596}, {""slot_start"": 25, ""slot_end_inclusive"": 28, ""probability_drop"": 0.001442, ""regression_signed_change"": -0.000163, ""importance"": 0.001447}, {""slot_start"": 29, ""slot_end_inclusive"": 32, ""probability_drop"": 0.003394, ""regression_signed_change"": 0.003296, ""importance"": 0.003504}, {""slot_start"": 33, ""slot_end_inclusive"": 35, ""probability_drop"": 0.003089, ""regression_signed_change"": 0.002157, ""importance"": 0.003161}]",35,5,8,1.589,3.177,,,,feature-window perturbation,0.009854,0.004801,0.010014,0.048436,0.039326,0.051188,0.041328,-0.165123,0.0,0.3476,0.804804,0.084306,0.195196,Vision,Vision,positive whole-modality probability drop
15,aligned_50,"P-RMF-E, three-seed Q2 ensemble",2,Positive,0.964193,0.012184,0.074226,0.91359,Audio,0.330784,0.332859,0.336357,23,"However, despite their poverty, the family prioritize education because they believed in its power to transform lives",D:\work\math\huaweicup\第二十三届中国研究生数学建模竞赛 - 中文题目\中文题目\E题\E题数据\附件4-可解释专项视频样本与特征文件\附件4-可解释专项视频样本与特征文件\对齐版本\videos\15.mp4,7.334,220,uniform-slot approximation; not source timestamps,"[{""slot_start"": 1, ""slot_end_inclusive"": 4, ""probability_drop"": 0.003057, ""regression_signed_change"": 0.024251, ""importance"": 0.003865}, {""slot_start"": 5, ""slot_end_inclusive"": 8, ""probability_drop"": 0.001879, ""regression_signed_change"": 0.015462, ""importance"": 0.002394}, {""slot_start"": 9, ""slot_end_inclusive"": 12, ""probability_drop"": 0.008735, ""regression_signed_change"": 0.055176, ""importance"": 0.010574}, {""slot_start"": 13, ""slot_end_inclusive"": 16, ""probability_drop"": 0.014797, ""regression_signed_change"": 0.088216, ""importance"": 0.017738}, {""slot_start"": 17, ""slot_end_inclusive"": 20, ""probability_drop"": 0.022038, ""regression_signed_change"": 0.125651, ""importance"": 0.026227}, {""slot_start"": 21, ""slot_end_inclusive"": 21, ""probability_drop"": 0.003281, ""regression_signed_change"": 0.01888, ""importance"": 0.003911}]",21,17,20,5.588,6.985,,,,its power to transform,0.022038,0.125651,0.026227,"[{""slot_start"": 1, ""slot_end_inclusive"": 4, ""probability_drop"": -0.000783, ""regression_signed_change"": -0.009115, ""importance"": 0.000304}, {""slot_start"": 5, ""slot_end_inclusive"": 8, ""probability_drop"": 0.000106, ""regression_signed_change"": -0.006348, ""importance"": 0.000318}, {""slot_start"": 9, ""slot_end_inclusive"": 12, ""probability_drop"": 0.000959, ""regression_signed_change"": -0.000814, ""importance"": 0.000986}, {""slot_start"": 13, ""slot_end_inclusive"": 16, ""probability_drop"": -0.001883, ""regression_signed_change"": -0.014486, ""importance"": 0.000483}, {""slot_start"": 17, ""slot_end_inclusive"": 20, ""probability_drop"": 0.002885, ""regression_signed_change"": 0.01123, ""importance"": 0.003259}, {""slot_start"": 21, ""slot_end_inclusive"": 21, ""probability_drop"": 0.00818, ""regression_signed_change"": 0.03304, ""importance"": 0.009281}]",21,21,21,6.985,7.334,209,219,214,feature-window perturbation,0.00818,0.03304,0.009281,"[{""slot_start"": 1, ""slot_end_inclusive"": 4, ""probability_drop"": 0.002149, ""regression_signed_change"": 0.001465, ""importance"": 0.002198}, {""slot_start"": 5, ""slot_end_inclusive"": 8, ""probability_drop"": 0.002669, ""regression_signed_change"": 0.007324, ""importance"": 0.002914}, {""slot_start"": 9, ""slot_end_inclusive"": 12, ""probability_drop"": 0.00236, ""regression_signed_change"": 0.007324, ""importance"": 0.002604}, {""slot_start"": 13, ""slot_end_inclusive"": 16, ""probability_drop"": 0.00116, ""regression_signed_change"": 0.001953, ""importance"": 0.001225}, {""slot_start"": 17, ""slot_end_inclusive"": 20, ""probability_drop"": 0.001053, ""regression_signed_change"": 0.002767, ""importance"": 0.001145}, {""slot_start"": 21, ""slot_end_inclusive"": 21, ""probability_drop"": -4.7e-05, ""regression_signed_change"": 0.000977, ""importance"": 3.3e-05}]",21,5,8,1.397,2.794,,,,feature-window perturbation,0.002669,0.007324,0.002914,0.035145,0.019552,0.16569,0.091526,0.095797,0.699967,0.020572,0.150318,0.02049,0.149715,Text,Text,positive whole-modality probability drop
16,aligned_50,"P-RMF-E, three-seed Q2 ensemble",0,Negative,-2.64388,0.986169,0.009197,0.004634,Audio,0.333683,0.331423,0.334894,13,"It's a terrible, this is a terrible movie",D:\work\math\huaweicup\第二十三届中国研究生数学建模竞赛 - 中文题目\中文题目\E题\E题数据\附件4-可解释专项视频样本与特征文件\附件4-可解释专项视频样本与特征文件\对齐版本\videos\16.mp4,5.573,167,uniform-slot approximation; not source timestamps,"[{""slot_start"": 1, ""slot_end_inclusive"": 4, ""probability_drop"": 0.001978, ""regression_signed_change"": -0.099609, ""importance"": 0.005298}, {""slot_start"": 5, ""slot_end_inclusive"": 8, ""probability_drop"": 0.003595, ""regression_signed_change"": -0.161458, ""importance"": 0.008977}, {""slot_start"": 9, ""slot_end_inclusive"": 11, ""probability_drop"": 0.002982, ""regression_signed_change"": -0.141927, ""importance"": 0.007713}]",11,5,8,2.027,4.053,,,,"terrible, this is",0.003595,-0.161458,0.008977,"[{""slot_start"": 1, ""slot_end_inclusive"": 4, ""probability_drop"": 0.000751, ""regression_signed_change"": -0.020833, ""importance"": 0.001445}, {""slot_start"": 5, ""slot_end_inclusive"": 8, ""probability_drop"": 0.00084, ""regression_signed_change"": -0.030599, ""importance"": 0.00186}, {""slot_start"": 9, ""slot_end_inclusive"": 11, ""probability_drop"": 0.000473, ""regression_signed_change"": -0.023438, ""importance"": 0.001254}]",11,5,8,2.027,4.053,60,121,90,feature-window perturbation,0.00084,-0.030599,0.00186,"[{""slot_start"": 1, ""slot_end_inclusive"": 4, ""probability_drop"": 0.000511, ""regression_signed_change"": -0.004557, ""importance"": 0.000663}, {""slot_start"": 5, ""slot_end_inclusive"": 8, ""probability_drop"": 0.000461, ""regression_signed_change"": -0.013672, ""importance"": 0.000917}, {""slot_start"": 9, ""slot_end_inclusive"": 11, ""probability_drop"": 0.000455, ""regression_signed_change"": -0.011719, ""importance"": 0.000846}]",11,5,8,2.027,4.053,,,,feature-window perturbation,0.000461,-0.013672,0.000917,0.005297,0.003479,0.208333,0.126953,0.013872,0.687616,0.002209,0.109486,0.004093,0.202898,Text,Text,positive whole-modality probability drop
17,aligned_50,"P-RMF-E, three-seed Q2 ensemble",2,Positive,1.491536,0.009983,0.026434,0.963584,Audio,0.333021,0.33178,0.335199,26,"Applying these four design concepts to your presentations is simple, easy and will make people think you turned into a design guru.",D:\work\math\huaweicup\第二十三届中国研究生数学建模竞赛 - 中文题目\中文题目\E题\E题数据\附件4-可解释专项视频样本与特征文件\附件4-可解释专项视频样本与特征文件\对齐版本\videos\17.mp4,14.0,419,uniform-slot approximation; not source timestamps,"[{""slot_start"": 1, ""slot_end_inclusive"": 4, ""probability_drop"": 0.005356, ""regression_signed_change"": 0.070312, ""importance"": 0.0077}, {""slot_start"": 5, ""slot_end_inclusive"": 8, ""probability_drop"": 0.004973, ""regression_signed_change"": 0.06901, ""importance"": 0.007274}, {""slot_start"": 9, ""slot_end_inclusive"": 12, ""probability_drop"": 0.008079, ""regression_signed_change"": 0.109701, ""importance"": 0.011736}, {""slot_start"": 13, ""slot_end_inclusive"": 16, ""probability_drop"": 0.00764, ""regression_signed_change"": 0.110026, ""importance"": 0.011307}, {""slot_start"": 17, ""slot_end_inclusive"": 20, ""probability_drop"": 0.003306, ""regression_signed_change"": 0.039714, ""importance"": 0.00463}, {""slot_start"": 21, ""slot_end_inclusive"": 24, ""probability_drop"": 0.003226, ""regression_signed_change"": 0.05306, ""importance"": 0.004995}]",24,9,12,4.667,7.0,,,,"is simple, easy",0.008079,0.109701,0.011736,"[{""slot_start"": 1, ""slot_end_inclusive"": 4, ""probability_drop"": 0.000596, ""regression_signed_change"": 0.002604, ""importance"": 0.000683}, {""slot_start"": 5, ""slot_end_inclusive"": 8, ""probability_drop"": 0.002616, ""regression_signed_change"": 0.033529, ""importance"": 0.003734}, {""slot_start"": 9, ""slot_end_inclusive"": 12, ""probability_drop"": -0.001031, ""regression_signed_change"": -0.022135, ""importance"": 0.000738}, {""slot_start"": 13, ""slot_end_inclusive"": 16, ""probability_drop"": -0.001751, ""regression_signed_change"": -0.028971, ""importance"": 0.000966}, {""slot_start"": 17, ""slot_end_inclusive"": 20, ""probability_drop"": -0.001876, ""regression_signed_change"": -0.02181, ""importance"": 0.000727}, {""slot_start"": 21, ""slot_end_inclusive"": 24, ""probability_drop"": -0.002003, ""regression_signed_change"": -0.031576, ""importance"": 0.001053}]",24,5,8,2.333,4.667,69,139,104,feature-window perturbation,0.002616,0.033529,0.003734,"[{""slot_start"": 1, ""slot_end_inclusive"": 4, ""probability_drop"": 0.000634, ""regression_signed_change"": 0.000977, ""importance"": 0.000667}, {""slot_start"": 5, ""slot_end_inclusive"": 8, ""probability_drop"": 0.000739, ""regression_signed_change"": 0.006185, ""importance"": 0.000945}, {""slot_start"": 9, ""slot_end_inclusive"": 12, ""probability_drop"": 0.000596, ""regression_signed_change"": 0.005859, ""importance"": 0.000791}, {""slot_start"": 13, ""slot_end_inclusive"": 16, ""probability_drop"": 0.000527, ""regression_signed_change"": 0.001628, ""importance"": 0.000582}, {""slot_start"": 17, ""slot_end_inclusive"": 20, ""probability_drop"": 0.000328, ""regression_signed_change"": 0.001302, ""importance"": 0.000371}, {""slot_start"": 21, ""slot_end_inclusive"": 24, ""probability_drop"": 3.3e-05, ""regression_signed_change"": -0.000651, ""importance"": 5.4e-05}]",24,5,8,2.333,4.667,,,,feature-window perturbation,0.000739,0.006185,0.000945,0.012234,0.005187,0.14974,0.057292,0.079209,0.924268,0.001014,0.011827,0.005477,0.063905,Text,Text,positive whole-modality probability drop
18,aligned_50,"P-RMF-E, three-seed Q2 ensemble",0,Negative,-0.302419,0.53714,0.407399,0.055461,Audio,0.329416,0.3337,0.336884,50,"-And in Denmark - the first Baltic Cod fishery has been MSC – certified -Meanwhile, the Faeroese Mackerel Fishery has been denied MSC certification based on the fact that the fishery has failed to reach an agreement on mackerel quotas with Norway and the European Union.",D:\work\math\huaweicup\第二十三届中国研究生数学建模竞赛 - 中文题目\中文题目\E题\E题数据\附件4-可解释专项视频样本与特征文件\附件4-可解释专项视频样本与特征文件\对齐版本\videos\18.mp4,22.967,686,uniform-slot approximation; not source timestamps,"[{""slot_start"": 1, ""slot_end_inclusive"": 4, ""probability_drop"": -0.050785, ""regression_signed_change"": 0.058217, ""importance"": 0.001941}, {""slot_start"": 5, ""slot_end_inclusive"": 8, ""probability_drop"": -0.063691, ""regression_signed_change"": 0.069672, ""importance"": 0.002322}, {""slot_start"": 9, ""slot_end_inclusive"": 12, ""probability_drop"": -0.016827, ""regression_signed_change"": 0.003296, ""importance"": 0.00011}, {""slot_start"": 13, ""slot_end_inclusive"": 16, ""probability_drop"": -0.022622, ""regression_signed_change"": 0.023753, ""importance"": 0.000792}, {""slot_start"": 17, ""slot_end_inclusive"": 20, ""probability_drop"": -0.024719, ""regression_signed_change"": 0.011749, ""importance"": 0.000392}, {""slot_start"": 21, ""slot_end_inclusive"": 24, ""probability_drop"": -0.042705, ""regression_signed_change"": 0.054108, ""importance"": 0.001804}, {""slot_start"": 25, ""slot_end_inclusive"": 28, ""probability_drop"": 0.015541, ""regression_signed_change"": -0.056722, ""importance"": 0.017432}, {""slot_start"": 29, ""slot_end_inclusive"": 32, ""probability_drop"": 0.034617, ""regression_signed_change"": -0.082771, ""importance"": 0.037376}, {""slot_start"": 33, ""slot_end_inclusive"": 36, ""probability_drop"": 0.048937, ""regression_signed_change"": -0.121961, ""importance"": 0.053002}, {""slot_start"": 37, ""slot_end_inclusive"": 40, ""probability_drop"": 0.046398, ""regression_signed_change"": -0.107107, ""importance"": 0.049968}, {""slot_start"": 41, ""slot_end_inclusive"": 44, ""probability_drop"": -0.015071, ""regression_signed_change"": -0.02597, ""importance"": 0.000866}, {""slot_start"": 45, ""slot_end_inclusive"": 48, ""probability_drop"": -0.048092, ""regression_signed_change"": 0.063914, ""importance"": 0.00213}]",48,33,36,15.311,17.225,,,,on the fact that,0.048937,-0.121961,0.053002,"[{""slot_start"": 1, ""slot_end_inclusive"": 4, ""probability_drop"": 0.009326, ""regression_signed_change"": -0.019969, ""importance"": 0.009991}, {""slot_start"": 5, ""slot_end_inclusive"": 8, ""probability_drop"": 0.008905, ""regression_signed_change"": -0.017771, ""importance"": 0.009498}, {""slot_start"": 9, ""slot_end_inclusive"": 12, ""probability_drop"": 0.008378, ""regression_signed_change"": -0.018219, ""importance"": 0.008985}, {""slot_start"": 13, ""slot_end_inclusive"": 16, ""probability_drop"": 0.008235, ""regression_signed_change"": -0.01887, ""importance"": 0.008864}, {""slot_start"": 17, ""slot_end_inclusive"": 20, ""probability_drop"": 0.006976, ""regression_signed_change"": -0.013997, ""importance"": 0.007442}, {""slot_start"": 21, ""slot_end_inclusive"": 24, ""probability_drop"": 0.007571, ""regression_signed_change"": -0.015371, ""importance"": 0.008083}, {""slot_start"": 25, ""slot_end_inclusive"": 28, ""probability_drop"": 0.00877, ""regression_signed_change"": -0.013845, ""importance"": 0.009231}, {""slot_start"": 29, ""slot_end_inclusive"": 32, ""probability_drop"": 0.008849, ""regression_signed_change"": -0.016764, ""importance"": 0.009408}, {""slot_start"": 33, ""slot_end_inclusive"": 36, ""probability_drop"": 0.010391, ""regression_signed_change"": -0.019145, ""importance"": 0.01103}, {""slot_start"": 37, ""slot_end_inclusive"": 40, ""probability_drop"": 0.009389, ""regression_signed_change"": -0.016917, ""importance"": 0.009953}, {""slot_start"": 41, ""slot_end_inclusive"": 44, ""probability_drop"": 0.013835, ""regression_signed_change"": -0.02302, ""importance"": 0.014603}, {""slot_start"": 45, ""slot_end_inclusive"": 48, ""probability_drop"": 0.015964, ""regression_signed_change"": -0.026886, ""importance"": 0.01686}]",48,45,48,21.053,22.967,628,685,656,feature-window perturbation,0.015964,-0.026886,0.01686,"[{""slot_start"": 1, ""slot_end_inclusive"": 4, ""probability_drop"": 0.013799, ""regression_signed_change"": -0.011648, ""importance"": 0.014188}, {""slot_start"": 5, ""slot_end_inclusive"": 8, ""probability_drop"": 0.009929, ""regression_signed_change"": -0.011688, ""importance"": 0.010319}, {""slot_start"": 9, ""slot_end_inclusive"": 12, ""probability_drop"": 0.015349, ""regression_signed_change"": -0.022064, ""importance"": 0.016084}, {""slot_start"": 13, ""slot_end_inclusive"": 16, ""probability_drop"": 0.002315, ""regression_signed_change"": -0.01121, ""importance"": 0.002688}, {""slot_start"": 17, ""slot_end_inclusive"": 20, ""probability_drop"": 0.004096, ""regression_signed_change"": -0.00646, ""importance"": 0.004311}, {""slot_start"": 21, ""slot_end_inclusive"": 24, ""probability_drop"": 0.003345, ""regression_signed_change"": -0.00295, ""importance"": 0.003443}, {""slot_start"": 25, ""slot_end_inclusive"": 28, ""probability_drop"": 0.006734, ""regression_signed_change"": -0.019928, ""importance"": 0.007399}, {""slot_start"": 29, ""slot_end_inclusive"": 32, ""probability_drop"": 0.003761, ""regression_signed_change"": -0.004506, ""importance"": 0.003911}, {""slot_start"": 33, ""slot_end_inclusive"": 36, ""probability_drop"": 0.009855, ""regression_signed_change"": -0.013153, ""importance"": 0.010293}, {""slot_start"": 37, ""slot_end_inclusive"": 40, ""probability_drop"": 0.008787, ""regression_signed_change"": -0.008179, ""importance"": 0.00906}, {""slot_start"": 41, ""slot_end_inclusive"": 44, ""probability_drop"": 0.015518, ""regression_signed_change"": -0.021678, ""importance"": 0.016241}, {""slot_start"": 45, ""slot_end_inclusive"": 48, ""probability_drop"": 0.008847, ""regression_signed_change"": -0.007823, ""importance"": 0.009108}]",48,41,44,19.139,21.053,,,,feature-window perturbation,0.015518,-0.021678,0.016241,0.083327,-0.001691,0.159541,0.054293,-0.061855,0.0,0.105164,0.439559,0.134085,0.560441,Audio,Audio,positive whole-modality probability drop
19,aligned_50,"P-RMF-E, three-seed Q2 ensemble",0,Negative,0.206472,0.414613,0.050409,0.534978,Audio,0.332241,0.331743,0.336016,41,"People are surprisingly forgiving brands when they own up to mistakes, and unfortunately some haters out there love to point fingers and jump all over imperfections, but for the most part, people understand",D:\work\math\huaweicup\第二十三届中国研究生数学建模竞赛 - 中文题目\中文题目\E题\E题数据\附件4-可解释专项视频样本与特征文件\附件4-可解释专项视频样本与特征文件\对齐版本\videos\19.mp4,18.734,561,uniform-slot approximation; not source timestamps,"[{""slot_start"": 1, ""slot_end_inclusive"": 4, ""probability_drop"": -0.026889, ""regression_signed_change"": 0.083872, ""importance"": 0.002796}, {""slot_start"": 5, ""slot_end_inclusive"": 8, ""probability_drop"": 0.037008, ""regression_signed_change"": -0.082062, ""importance"": 0.039743}, {""slot_start"": 9, ""slot_end_inclusive"": 12, ""probability_drop"": 0.084447, ""regression_signed_change"": -0.195953, ""importance"": 0.090979}, {""slot_start"": 13, ""slot_end_inclusive"": 16, ""probability_drop"": 0.013119, ""regression_signed_change"": -0.006638, ""importance"": 0.01334}, {""slot_start"": 17, ""slot_end_inclusive"": 20, ""probability_drop"": 0.06558, ""regression_signed_change"": -0.127594, ""importance"": 0.069833}, {""slot_start"": 21, ""slot_end_inclusive"": 24, ""probability_drop"": -0.008951, ""regression_signed_change"": 0.025889, ""importance"": 0.000863}, {""slot_start"": 25, ""slot_end_inclusive"": 28, ""probability_drop"": 0.023405, ""regression_signed_change"": -0.051687, ""importance"": 0.025128}, {""slot_start"": 29, ""slot_end_inclusive"": 32, ""probability_drop"": 0.060595, ""regression_signed_change"": -0.1256, ""importance"": 0.064781}, {""slot_start"": 33, ""slot_end_inclusive"": 36, ""probability_drop"": -0.080772, ""regression_signed_change"": 0.215085, ""importance"": 0.00717}, {""slot_start"": 37, ""slot_end_inclusive"": 39, ""probability_drop"": -0.027234, ""regression_signed_change"": 0.064789, ""importance"": 0.00216}]",39,9,12,3.843,5.764,,,,own up to mistakes,0.084447,-0.195953,0.090979,"[{""slot_start"": 1, ""slot_end_inclusive"": 4, ""probability_drop"": -0.01206, ""regression_signed_change"": 0.016113, ""importance"": 0.000537}, {""slot_start"": 5, ""slot_end_inclusive"": 8, ""probability_drop"": -0.013217, ""regression_signed_change"": 0.02125, ""importance"": 0.000708}, {""slot_start"": 9, ""slot_end_inclusive"": 12, ""probability_drop"": -0.011913, ""regression_signed_change"": 0.020162, ""importance"": 0.000672}, {""slot_start"": 13, ""slot_end_inclusive"": 16, ""probability_drop"": -0.010809, ""regression_signed_change"": 0.016276, ""importance"": 0.000543}, {""slot_start"": 17, ""slot_end_inclusive"": 20, ""probability_drop"": -0.008877, ""regression_signed_change"": 0.021759, ""importance"": 0.000725}, {""slot_start"": 21, ""slot_end_inclusive"": 24, ""probability_drop"": -0.016522, ""regression_signed_change"": 0.034332, ""importance"": 0.001144}, {""slot_start"": 25, ""slot_end_inclusive"": 28, ""probability_drop"": -0.009133, ""regression_signed_change"": 0.021362, ""importance"": 0.000712}, {""slot_start"": 29, ""slot_end_inclusive"": 32, ""probability_drop"": -0.013123, ""regression_signed_change"": 0.025319, ""importance"": 0.000844}, {""slot_start"": 33, ""slot_end_inclusive"": 36, ""probability_drop"": -0.0095, ""regression_signed_change"": 0.018199, ""importance"": 0.000607}, {""slot_start"": 37, ""slot_end_inclusive"": 39, ""probability_drop"": -0.00529, ""regression_signed_change"": 0.008606, ""importance"": 0.000287}]",39,21,24,9.607,11.529,287,345,316,feature-window perturbation,-0.016522,0.034332,0.001144,"[{""slot_start"": 1, ""slot_end_inclusive"": 4, ""probability_drop"": 0.00284, ""regression_signed_change"": -0.005992, ""importance"": 0.00304}, {""slot_start"": 5, ""slot_end_inclusive"": 8, ""probability_drop"": -0.001421, ""regression_signed_change"": -0.004649, ""importance"": 0.000155}, {""slot_start"": 9, ""slot_end_inclusive"": 12, ""probability_drop"": 0.005473, ""regression_signed_change"": -0.011325, ""importance"": 0.00585}, {""slot_start"": 13, ""slot_end_inclusive"": 16, ""probability_drop"": -0.001487, ""regression_signed_change"": -0.006765, ""importance"": 0.000225}, {""slot_start"": 17, ""slot_end_inclusive"": 20, ""probability_drop"": 0.000276, ""regression_signed_change"": -0.004669, ""importance"": 0.000432}, {""slot_start"": 21, ""slot_end_inclusive"": 24, ""probability_drop"": -0.000451, ""regression_signed_change"": -0.002747, ""importance"": 9.2e-05}, {""slot_start"": 25, ""slot_end_inclusive"": 28, ""probability_drop"": 0.003256, ""regression_signed_change"": -0.012202, ""importance"": 0.003662}, {""slot_start"": 29, ""slot_end_inclusive"": 32, ""probability_drop"": -0.000936, ""regression_signed_change"": 0.003377, ""importance"": 0.000113}, {""slot_start"": 33, ""slot_end_inclusive"": 36, ""probability_drop"": 0.001654, ""regression_signed_change"": -0.003408, ""importance"": 0.001768}, {""slot_start"": 37, ""slot_end_inclusive"": 39, ""probability_drop"": 0.001994, ""regression_signed_change"": -0.004964, ""importance"": 0.00216}]",39,9,12,3.843,5.764,,,,feature-window perturbation,0.005473,-0.011325,0.00585,0.074818,0.014556,0.170888,0.057939,0.163629,0.800304,-0.152365,0.0,0.04083,0.199696,Text,Text,positive whole-modality probability drop
20,aligned_50,"P-RMF-E, three-seed Q2 ensemble",2,Positive,0.972982,0.009938,0.072513,0.917549,Audio,0.329916,0.333511,0.336574,45,"And of course, click in the link of the description of this video for more, and we'll have more live updates and a stock market video (wrap-up) at the end of the day today.",D:\work\math\huaweicup\第二十三届中国研究生数学建模竞赛 - 中文题目\中文题目\E题\E题数据\附件4-可解释专项视频样本与特征文件\附件4-可解释专项视频样本与特征文件\对齐版本\videos\20.mp4,18.767,561,uniform-slot approximation; not source timestamps,"[{""slot_start"": 1, ""slot_end_inclusive"": 4, ""probability_drop"": 0.015779, ""regression_signed_change"": 0.096517, ""importance"": 0.018996}, {""slot_start"": 5, ""slot_end_inclusive"": 8, ""probability_drop"": 0.009864, ""regression_signed_change"": 0.061686, ""importance"": 0.011921}, {""slot_start"": 9, ""slot_end_inclusive"": 12, ""probability_drop"": -0.001635, ""regression_signed_change"": 0.001953, ""importance"": 6.5e-05}, {""slot_start"": 13, ""slot_end_inclusive"": 16, ""probability_drop"": -0.000976, ""regression_signed_change"": 0.006836, ""importance"": 0.000228}, {""slot_start"": 17, ""slot_end_inclusive"": 20, ""probability_drop"": 0.006406, ""regression_signed_change"": 0.048503, ""importance"": 0.008023}, {""slot_start"": 21, ""slot_end_inclusive"": 24, ""probability_drop"": 0.003165, ""regression_signed_change"": 0.029785, ""importance"": 0.004158}, {""slot_start"": 25, ""slot_end_inclusive"": 28, ""probability_drop"": -0.000289, ""regression_signed_change"": 0.01123, ""importance"": 0.000374}, {""slot_start"": 29, ""slot_end_inclusive"": 32, ""probability_drop"": -0.008248, ""regression_signed_change"": -0.040039, ""importance"": 0.001335}, {""slot_start"": 33, ""slot_end_inclusive"": 36, ""probability_drop"": -0.003579, ""regression_signed_change"": -0.00765, ""importance"": 0.000255}, {""slot_start"": 37, ""slot_end_inclusive"": 40, ""probability_drop"": 0.004338, ""regression_signed_change"": 0.043783, ""importance"": 0.005798}, {""slot_start"": 41, ""slot_end_inclusive"": 43, ""probability_drop"": 0.00211, ""regression_signed_change"": 0.019043, ""importance"": 0.002745}]",43,1,4,0.0,1.746,,,,"And of course,",0.015779,0.096517,0.018996,"[{""slot_start"": 1, ""slot_end_inclusive"": 4, ""probability_drop"": -0.000485, ""regression_signed_change"": -0.009928, ""importance"": 0.000331}, {""slot_start"": 5, ""slot_end_inclusive"": 8, ""probability_drop"": 0.006416, ""regression_signed_change"": 0.029948, ""importance"": 0.007414}, {""slot_start"": 9, ""slot_end_inclusive"": 12, ""probability_drop"": 0.007198, ""regression_signed_change"": 0.038249, ""importance"": 0.008473}, {""slot_start"": 13, ""slot_end_inclusive"": 16, ""probability_drop"": 0.007814, ""regression_signed_change"": 0.041341, ""importance"": 0.009192}, {""slot_start"": 17, ""slot_end_inclusive"": 20, ""probability_drop"": 0.006791, ""regression_signed_change"": 0.037435, ""importance"": 0.008039}, {""slot_start"": 21, ""slot_end_inclusive"": 24, ""probability_drop"": 0.004185, ""regression_signed_change"": 0.019531, ""importance"": 0.004836}, {""slot_start"": 25, ""slot_end_inclusive"": 28, ""probability_drop"": -0.000452, ""regression_signed_change"": -0.00765, ""importance"": 0.000255}, {""slot_start"": 29, ""slot_end_inclusive"": 32, ""probability_drop"": -0.000545, ""regression_signed_change"": -0.01237, ""importance"": 0.000412}, {""slot_start"": 33, ""slot_end_inclusive"": 36, ""probability_drop"": -0.000149, ""regression_signed_change"": -0.012207, ""importance"": 0.000407}, {""slot_start"": 37, ""slot_end_inclusive"": 40, ""probability_drop"": -0.000818, ""regression_signed_change"": -0.016602, ""importance"": 0.000553}, {""slot_start"": 41, ""slot_end_inclusive"": 43, ""probability_drop"": -0.001597, ""regression_signed_change"": -0.017415, ""importance"": 0.000581}]",43,13,16,5.237,6.983,156,208,182,feature-window perturbation,0.007814,0.041341,0.009192,"[{""slot_start"": 1, ""slot_end_inclusive"": 4, ""probability_drop"": 0.002562, ""regression_signed_change"": 0.00179, ""importance"": 0.002621}, {""slot_start"": 5, ""slot_end_inclusive"": 8, ""probability_drop"": 0.003232, ""regression_signed_change"": 0.00944, ""importance"": 0.003547}, {""slot_start"": 9, ""slot_end_inclusive"": 12, ""probability_drop"": 0.002966, ""regression_signed_change"": 0.007812, ""importance"": 0.003226}, {""slot_start"": 13, ""slot_end_inclusive"": 16, ""probability_drop"": 0.001261, ""regression_signed_change"": 0.001465, ""importance"": 0.001309}, {""slot_start"": 17, ""slot_end_inclusive"": 20, ""probability_drop"": 0.000679, ""regression_signed_change"": 0.001465, ""importance"": 0.000728}, {""slot_start"": 21, ""slot_end_inclusive"": 24, ""probability_drop"": 4.4e-05, ""regression_signed_change"": -0.000651, ""importance"": 6.6e-05}, {""slot_start"": 25, ""slot_end_inclusive"": 28, ""probability_drop"": 0.000356, ""regression_signed_change"": -0.000977, ""importance"": 0.000389}, {""slot_start"": 29, ""slot_end_inclusive"": 32, ""probability_drop"": 0.001236, ""regression_signed_change"": 0.006673, ""importance"": 0.001459}, {""slot_start"": 33, ""slot_end_inclusive"": 36, ""probability_drop"": 0.002141, ""regression_signed_change"": 0.006836, ""importance"": 0.002369}, {""slot_start"": 37, ""slot_end_inclusive"": 40, ""probability_drop"": 0.001036, ""regression_signed_change"": -0.000326, ""importance"": 0.001047}, {""slot_start"": 41, ""slot_end_inclusive"": 43, ""probability_drop"": 0.001358, ""regression_signed_change"": 0.004557, ""importance"": 0.001509}]",43,5,8,1.746,3.492,,,,feature-window perturbation,0.003232,0.00944,0.003547,0.029372,0.004335,0.150553,0.028375,0.26195,0.73016,0.070969,0.19782,0.025838,0.07202,Text,Text,positive whole-modality probability drop
